player,salary,position,team,team_past_record
"Bumgarner, Madison",21882892,LHP,Arizona,0.457
"Marte, Ketel",11600000,2B,Arizona,0.457
"Ahmed, Nick",10375000,SS,Arizona,0.457
"Kelly, Merrill",8500000,RHP,Arizona,0.457
"Walker, Christian",6500000,1B,Arizona,0.457
"Melancon, Mark*",6000000,RHP,Arizona,0.457
"Gallen, Zac",5600000,RHP,Arizona,0.457
"Chafin, Andrew",5500000,LHP,Arizona,0.457
"Gurriel, Lourdes",5400000,OF,Arizona,0.457
"Davies, Zac",4700000,RHP,Arizona,0.457
"Kelly, Carson*",4275000,C,Arizona,0.457
"Longoria, Evan",4000000,3B,Arizona,0.457
"Castro, Miguel",3500000,RHP,Arizona,0.457
"Rojas, Josh",2575000,2B,Arizona,0.457
"McGough, Scott",2500000,RHP,Arizona,0.457
"Carroll, Corbin",1625000,OF,Arizona,0.457
"Lewis, Kyle",1610000,OF,Arizona,0.457
"Sulser, Cole",825000,RHP,Arizona,0.457
"Mantiply, Joe*",756000,LHP,Arizona,0.457
"Ginkel, Kevin",746600,RHP,Arizona,0.457
"Perdomo, Geraldo",738600,SS,Arizona,0.457
"McCarthy, Jake",735600,OF,Arizona,0.457
"Thomas, Alek",735200,OF,Arizona,0.457
"Nelson, Kyle",728900,LHP,Arizona,0.457
"Martin, Corbin*",728400,RHP,Arizona,0.457
"Herrera, Jose",724300,C,Arizona,0.457
"Jameson, Drey",723600,RHP,Arizona,0.457
"Nelson, Ryne",722700,RHP,Arizona,0.457
"Moreno, Gabriel",722500,C,Arizona,0.457
"Vargas, Carlos",721000,RHP,Arizona,0.457
"Robinson, Kristian**",720000,OF,Arizona,0.457
"Olson, Matt",21000000,1B,Atlanta,0.623
"Morton, Charlie",20000000,RHP,Atlanta,0.623
"Ozuna, Marcell",18000000,OF,Atlanta,0.623
"Acuna, Ronald",17000000,OF,Atlanta,0.623
"Iglesias, Raisel*",16000000,RHP,Atlanta,0.623
"Riley, Austin",15000000,3B,Atlanta,0.623
"Fried, Max",13500000,LHP,Atlanta,0.623
"Rosario, Eddie",9000000,OF,Atlanta,0.623
"D'Arnaud, Travis",8000000,C,Atlanta,0.623
"Albies, Ozzie",7000000,2B,Atlanta,0.623
"Yates, Kirby",6000000,RHP,Atlanta,0.623
"Harris, Michael",5000000,OF,Atlanta,0.623
"McHugh, Collin",5000000,RHP,Atlanta,0.623
"Minter, A.J.",4287500,LHP,Atlanta,0.623
"Murphy, Sean",4000000,C,Atlanta,0.623
"Pillar, Kevin",3000000,OF,Atlanta,0.623
"Jimenez, Joe",2765000,RHP,Atlanta,0.623
"Arcia, Orlando",2300000,SS,Atlanta,0.623
"Luetge, Lucas",1550000,LHP,Atlanta,0.623
"Chavez, Jesse",1200000,RHP,Atlanta,0.623
"Matzek, Tyler*",1200000,LHP,Atlanta,0.623
"Adrianza, Ehire",1000000,3B,Atlanta,0.623
"Strider, Spencer",1000000,RHP,Atlanta,0.623
"Anderson, Nick",875000,RHP,Atlanta,0.623
"Allard, Kolby*",750000,LHP,Atlanta,0.623
"Hilliard, Sam",750000,OF,Atlanta,0.623
"Tonkin, Michael",750000,RHP,Atlanta,0.623
"Wright, Kyle*",750000,RHP,Atlanta,0.623
"Ynoa, Huascar*",750000,RHP,Atlanta,0.623
"Lee, Dylan",730000,LHP,Atlanta,0.623
"Shuster, Jared",720000,LHP,Atlanta,0.623
"McCann, James*",12000000,C,Baltimore,0.512
"Gibson, Kyle",10000000,RHP,Baltimore,0.512
"Frazier, Adam",8000000,2B,Baltimore,0.512
"Santander, Anthony",7400000,OF,Baltimore,0.512
"Mullins II, Cedric",4100000,OF,Baltimore,0.512
"Hays, Austin",3200000,OF,Baltimore,0.512
"Givens, Mychal*",3000000,RHP,Baltimore,0.512
"Means, John*",2975000,LHP,Baltimore,0.512
"Mateo, Jorge",2000000,OF,Baltimore,0.512
"Voth, Austin",1850000,RHP,Baltimore,0.512
"Tate, Dillon*",1500000,RHP,Baltimore,0.512
"Coulombe, Daniel",1000000,LHP,Baltimore,0.512
"Bemboom, Anthony",900000,C,Baltimore,0.512
"Mountcastle, Ryan",738400,1B,Baltimore,0.512
"Irvin, Cole",737600,LHP,Baltimore,0.512
"Urias, Ramon",734700,2B,Baltimore,0.512
"Rutschman, Adley",733900,C,Baltimore,0.512
"Wells, Tyler",732400,RHP,Baltimore,0.512
"Perez, Cionel",732300,LHP,Baltimore,0.512
"Bautista, Felix",731800,RHP,Baltimore,0.512
"Kremer, Dean",731200,RHP,Baltimore,0.512
"Akin, Keegan",731100,LHP,Baltimore,0.512
"Baker, Bryan",729000,RHP,Baltimore,0.512
"Bradish, Kyle",728100,RHP,Baltimore,0.512
"McKenna, Ryan",725800,OF,Baltimore,0.512
"Henderson, Gunnar",723200,SS,Baltimore,0.512
"Baumann, Michael",722300,RHP,Baltimore,0.512
"Stowers, Kyle",722200,OF,Baltimore,0.512
"Vavra, Terrin",722100,SS,Baltimore,0.512
"Gillaspie, Logan",721200,RHP,Baltimore,0.512
"Sale, Chris",21672484,LHP,Boston,0.481
"Story, Trevor*",20000000,2B,Boston,0.481
"Devers, Rafael",17500000,3B,Boston,0.481
"Jansen, Kenley",16000000,RHP,Boston,0.481
"Yoshida, Masataka",15600000,OF,Boston,0.481
"Hernandez, Enrique",10000000,SS,Boston,0.481
"Kluber, Corey",10000000,RHP,Boston,0.481
"Turner, Justin",8300000,3B,Boston,0.481
"Martin, Chris",8000000,RHP,Boston,0.481
"Duvall, Adam",7000000,OF,Boston,0.481
"Verdugo, Alex",6300000,OF,Boston,0.481
"Pivetta, Nick",5350000,RHP,Boston,0.481
"Paxton, James*",4000000,LHP,Boston,0.481
"Bleier, Richard",3500000,LHP,Boston,0.481
"Mondesi, Adalberto*",3045000,SS,Boston,0.481
"Arroyo, Christian",2000000,3B,Boston,0.481
"Brasier, Ryan",2000000,RHP,Boston,0.481
"Tapia, Raimel",2000000,OF,Boston,0.481
"Rodriguez, Joely*",1500000,LHP,Boston,0.481
"Whitlock, Garrett*",1250000,RHP,Boston,0.481
"McGuire, Reese",1225000,C,Boston,0.481
"Refsnyder, Rob",1200000,OF,Boston,0.481
"Chang, Yu-Cheng",850000,2B,Boston,0.481
"Schreiber, John",750000,RHP,Boston,0.481
"Houck, Tanner",740000,RHP,Boston,0.481
"Crawford, Kutter",730000,RHP,Boston,0.481
"Bello, Brayan*",729500,RHP,Boston,0.481
"Mills, Wyatt*",727500,RHP,Boston,0.481
"Casas, Triston",723500,1B,Boston,0.481
"Kelly, Zack",723500,RHP,Boston,0.481
"Ort, Kaleb",722000,RHP,Boston,0.481
"Winckowski, Josh",722000,RHP,Boston,0.481
"Wong, Connor",722000,C,Boston,0.481
"Stroman, Marcus",25000000,RHP,Chicago Cubs,0.457
"Suzuki, Seiya*",18000000,OF,Chicago Cubs,0.457
"Hendricks, Kyle*",14500000,RHP,Chicago Cubs,0.457
"Swanson, Dansby",14000000,SS,Chicago Cubs,0.457
"Taillon, Jameson",14000000,RHP,Chicago Cubs,0.457
"Hosmer, Eric",13000000,1B,Chicago Cubs,0.457
"Bellinger, Cody",12500000,OF,Chicago Cubs,0.457
"Happ, Ian",10850000,OF,Chicago Cubs,0.457
"Smyly, Drew",8000000,LHP,Chicago Cubs,0.457
"Mancini, Trey",7000000,1B,Chicago Cubs,0.457
"Gomes, Yan",6000000,C,Chicago Cubs,0.457
"Fulmer, Michael",4000000,RHP,Chicago Cubs,0.457
"Barnhart, Tucker",3250000,C,Chicago Cubs,0.457
"Hoerner, Nico",2525000,SS,Chicago Cubs,0.457
"Boxberger, Brad",2000000,RHP,Chicago Cubs,0.457
"Madrigal, Nick",1225000,2B,Chicago Cubs,0.457
"Torrens, Luis",1200000,C,Chicago Cubs,0.457
"Rios, Edwin",1000000,3B,Chicago Cubs,0.457
"Leiter Jr., Mark",850000,RHP,Chicago Cubs,0.457
"Heuer, Codi*",785000,RHP,Chicago Cubs,0.457
"Wisdom, Patrick",763000,1B,Chicago Cubs,0.457
"Alzolay, Adbert",744750,RHP,Chicago Cubs,0.457
"Steele, Justin",740000,LHP,Chicago Cubs,0.457
"Thompson, Keegan",740000,RHP,Chicago Cubs,0.457
"Merryweather, Julian",737000,RHP,Chicago Cubs,0.457
"Rucker, Michael",737000,RHP,Chicago Cubs,0.457
"Hughes, Brandon*",728000,LHP,Chicago Cubs,0.457
"Assad, Javier",721500,RHP,Chicago Cubs,0.457
"Wesneski, Hayden",721500,RHP,Chicago Cubs,0.457
"Roberts, Ethan*",721000,RHP,Chicago Cubs,0.457
"Mastrobuoni, Miles",720500,2B,Chicago Cubs,0.457
"Lynn, Lance",18500000,RHP,Chicago White Sox,0.5
"Grandal, Yasmani",18250000,C,Chicago White Sox,0.5
"Moncada, Yoan",17800000,3B,Chicago White Sox,0.5
"Hendriks, Liam*",14333333,RHP,Chicago White Sox,0.5
"Anderson, Tim",12500000,SS,Chicago White Sox,0.5
"Giolito, Lucas",10400000,RHP,Chicago White Sox,0.5
"Jimenez, Eloy",10333333,OF,Chicago White Sox,0.5
"Robert, Luis",9500000,OF,Chicago White Sox,0.5
"Kelly, Joe",9000000,RHP,Chicago White Sox,0.5
"Benintendi, Andrew",8600000,OF,Chicago White Sox,0.5
"Clevinger, Michael",8000000,RHP,Chicago White Sox,0.5
"Graveman, Kendall",8000000,RHP,Chicago White Sox,0.5
"Cease, Dylan",5700000,RHP,Chicago White Sox,0.5
"Bummer, Aaron",3750000,LHP,Chicago White Sox,0.5
"Lopez, Reynaldo",3625000,RHP,Chicago White Sox,0.5
"Diekman, Jake",3500000,LHP,Chicago White Sox,0.5
"Andrus, Elvis",3000000,SS,Chicago White Sox,0.5
"Kopech, Michael",2050000,RHP,Chicago White Sox,0.5
"Alberto, Hanser",1300000,2B,Chicago White Sox,0.5
"Ruiz, Jose",925000,RHP,Chicago White Sox,0.5
"Vaughn, Andrew",760000,1B,Chicago White Sox,0.5
"Lambert, James",735000,RHP,Chicago White Sox,0.5
"Sheets, Gavin",735000,1B,Chicago White Sox,0.5
"Foster, Matt*",734000,RHP,Chicago White Sox,0.5
"Crochet, Garrett*",733000,LHP,Chicago White Sox,0.5
"Zavala, Seby",732000,C,Chicago White Sox,0.5
"Gonzalez, Roman",723000,SS,Chicago White Sox,0.5
"Colas, Oscar",720000,OF,Chicago White Sox,0.5
"Santos, Gregory",720000,RHP,Chicago White Sox,0.5
"Votto, Joey*",25000000,1B,Cincinnati,0.383
"Myers, Wil",6000000,OF,Cincinnati,0.383
"Newman, Kevin",2662500,2B,Cincinnati,0.383
"Cessa, Luis",2650000,RHP,Cincinnati,0.383
"Casali, Curt",2500000,C,Cincinnati,0.383
"Weaver, Luke*",2000000,RHP,Cincinnati,0.383
"Senzel, Nick*",1950000,OF,Cincinnati,0.383
"Farmer, Buck",1725000,RHP,Cincinnati,0.383
"Sims, Lucas*",1267500,RHP,Cincinnati,0.383
"Maile, Luke",1175000,C,Cincinnati,0.383
"Young, Alex",1150000,LHP,Cincinnati,0.383
"Law, Derek",1000000,RHP,Cincinnati,0.383
"Vosler, Jason",1000000,3B,Cincinnati,0.383
"Dunn, Justin*",900000,RHP,Cincinnati,0.383
"Antone, Tejay*",770000,RHP,Cincinnati,0.383
"India, Jonathan",760000,3B,Cincinnati,0.383
"Fraley, Jake",740000,OF,Cincinnati,0.383
"Stephenson, Tyler",740000,C,Cincinnati,0.383
"Diaz, Alexis",730000,RHP,Cincinnati,0.383
"Garcia, Jose",730000,SS,Cincinnati,0.383
"Gibaut, Ian",730000,RHP,Cincinnati,0.383
"Greene, Hunter",730000,RHP,Cincinnati,0.383
"Gutierrez, Vladimir*",730000,RHP,Cincinnati,0.383
"Kuhnel, Joel",730000,RHP,Cincinnati,0.383
"Lodolo, Nick",730000,LHP,Cincinnati,0.383
"Overton, Connor",730000,RHP,Cincinnati,0.383
"Santillan, Antonio*",730000,RHP,Cincinnati,0.383
"Ashcraft, Graham",722500,RHP,Cincinnati,0.383
"Fairchild, Stuart",722500,OF,Cincinnati,0.383
"Friedl, Jr, Terry",722500,OF,Cincinnati,0.383
"Sanmartin, Reiver",722500,LHP,Cincinnati,0.383
"Benson, Will",720000,OF,Cincinnati,0.383
"Cruz, Fernando",720000,RHP,Cincinnati,0.383
"Steer, Spencer",720000,3B,Cincinnati,0.383
"Bell, Josh",16500000,DH,Cleveland,0.568
"Ramirez, Jose",14000000,3B,Cleveland,0.568
"Bieber, Shane",10010000,RHP,Cleveland,0.568
"Rosario, Amed",7800000,SS,Cleveland,0.568
"Zunino, Mike",6000000,C,Cleveland,0.568
"Quantrill, Cal",5550000,RHP,Cleveland,0.568
"Naylor, Josh",3350000,OF,Cleveland,0.568
"Plesac, Zach",2950000,RHP,Cleveland,0.568
"Straw, Myles",2900000,OF,Cleveland,0.568
"Civale, Aaron",2600000,RHP,Cleveland,0.568
"Clase, Emmanuel",1900000,RHP,Cleveland,0.568
"Gimenez, Andres",1571429,SS,Cleveland,0.568
"Karinchak, James",1500000,RHP,Cleveland,0.568
"Stephan, Trevor",1350000,RHP,Cleveland,0.568
"Gallagher, Cam",1250000,C,Cleveland,0.568
"Viloria, Meibrys",750000,C,Cleveland,0.568
"De Los Santos, Enyel",750000,RHP,Cleveland,0.568
"McKenzie, Triston*",739500,RHP,Cleveland,0.568
"Hentges, Sam*",730200,LHP,Cleveland,0.568
"Kwan, Steven",727300,OF,Cleveland,0.568
"Morgan, Eli",727000,RHP,Cleveland,0.568
"Sandlin, Nick",726000,RHP,Cleveland,0.568
"Gonzalez, Oscar",722600,OF,Cleveland,0.568
"Morris, Cody*",720200,RHP,Cleveland,0.568
"Arias, Gabriel",720100,SS,Cleveland,0.568
"Brennan, Will",720100,OF,Cleveland,0.568
"Curry, Xzavion",720100,RHP,Cleveland,0.568
"Gaddis, Hunter",720100,RHP,Cleveland,0.568
"Herrin, Tim",720000,LHP,Cleveland,0.568
"Bryant, Kris",28000000,OF,Colorado,0.42
"Moustakas, Mike",18000000,3B,Colorado,0.42
"Marquez, German",15300000,RHP,Colorado,0.42
"Blackmon, Charlie",15000000,DH,Colorado,0.42
"Freeland, Kyle",10500000,LHP,Colorado,0.42
"Bard, Daniel*",9500000,RHP,Colorado,0.42
"Grichuk, Randal*",9333333,OF,Colorado,0.42
"McMahon, Ryan",9000000,2B,Colorado,0.42
"Profar, Jurickson",7710778,OF,Colorado,0.42
"Cron, C.J.",7500000,1B,Colorado,0.42
"Senzatela, Antonio*",7250000,RHP,Colorado,0.42
"Diaz, Elias",5500000,C,Colorado,0.42
"Johnson, Pierce",5000000,RHP,Colorado,0.42
"Lamet, Dinelson",5000000,RHP,Colorado,0.42
"Urena, Jose",3000000,RHP,Colorado,0.42
"Suter, Brent",3000000,LHP,Colorado,0.42
"Rodgers, Brendan*",2700000,2B,Colorado,0.42
"Gomber, Austin",1650000,LHP,Colorado,0.42
"Hand, Brad",1500000,LHP,Colorado,0.42
"Castro, Harold",1300000,1B,Colorado,0.42
"Kinley, Tyler*",1200000,RHP,Colorado,0.42
"Blach, Ty",1100000,LHP,Colorado,0.42
"Daza, Yonathan",730000,C,Colorado,0.42
"Gilbreath, Lucas*",725000,LHP,Colorado,0.42
"Rolison, Ryan*",725000,LHP,Colorado,0.42
"Bird, Jacob",722000,RHP,Colorado,0.42
"Bouchard, Sean*",722000,RHP,Colorado,0.42
"Feltner, Ryan",722000,RHP,Colorado,0.42
"Lawrence, Justin",722000,RHP,Colorado,0.42
"Montero, Elehuris",722000,3B,Colorado,0.42
"Seabold, Connor",722000,RHP,Colorado,0.42
"Serven, Brian",722000,C,Colorado,0.42
"Tovar, Ezequiel",722000,SS,Colorado,0.42
"Trejo, Alan",722000,SS,Colorado,0.42
"Cabrera, Miguel",32000000,DH,Detroit,0.407
"Baez, Javier",22000000,SS,Detroit,0.407
"Rodriguez, Eduardo",14000000,LHP,Detroit,0.407
"Boyd, Matt",10000000,LHP,Detroit,0.407
"Lorenzen, Michael*",8500000,RHP,Detroit,0.407
"Schoop, Jonathan",7500000,2B,Detroit,0.407
"Meadows, Austin",4300000,LHP,Detroit,0.407
"Cisnero, Jose",2287500,RHP,Detroit,0.407
"Turnbull, Spencer",2150000,RHP,Detroit,0.407
"Alexander, Tyler",1875000,LHP,Detroit,0.407
"Shreve, Chasen",1250000,LHP,Detroit,0.407
"Wingenter, Trey",1000000,RHP,Detroit,0.407
"Skubal, Tarik*",743700,LHP,Detroit,0.407
"Haase, Eric",740100,C,Detroit,0.407
"McKinstry, Zach",734500,2B,Detroit,0.407
"Mize, Casey*",734200,RHP,Detroit,0.407
"Manning, Matt",729200,RHP,Detroit,0.407
"Greene, Riley",727800,OF,Detroit,0.407
"Vierling, Matt",727100,OF,Detroit,0.407
"Maton, Nick",726600,OF,Detroit,0.407
"Foley, Jason",726200,RHP,Detroit,0.407
"Lange, Alex",726000,RHP,Detroit,0.407
"Rogers, Jake",726000,C,Detroit,0.407
"Brieske, Beau*",724400,RHP,Detroit,0.407
"Carpenter, Kerry",723700,OF,Detroit,0.407
"Wentz, Joey",723500,LHP,Detroit,0.407
"Torkelson, Spencer",723100,1B,Detroit,0.407
"Nevin, Tyler*",723000,3B,Detroit,0.407
"Hill, Garrett",722300,RHP,Detroit,0.407
"Kreidler, Ryan",721600,SS,Detroit,0.407
"Englert, Mason",720000,RHP,Detroit,0.407
"Pacheco, Freddy*",720000,RHP,Detroit,0.407
"Bregman, Alex",30500000,3B,Houston,0.654
"Altuve, Jose*",29000000,2B,Houston,0.654
"Abreu, Jose",19500000,1B,Houston,0.654
"McCullers, Lance*",15950000,RHP,Houston,0.654
"Pressly, Ryan",14000000,RHP,Houston,0.654
"Brantley, Michael*",12000000,OF,Houston,0.654
"Montero, Rafael",11500000,RHP,Houston,0.654
"Neris, Hector",8000000,RHP,Houston,0.654
"Alvarez, Yordan",7833333,DH,Houston,0.654
"Valdez, Framber",6800000,LHP,Houston,0.654
"Maldonado, Martin",5000000,C,Houston,0.654
"Tucker, Kyle",5000000,OF,Houston,0.654
"Stanek, Ryne",3600000,RHP,Houston,0.654
"Javier, Cristian",3400000,RHP,Houston,0.654
"Hernandez, Jose",3025000,RHP,Houston,0.654
"Maton, Phil",2550000,RHP,Houston,0.654
"Dubon, Mauricio",1400000,OF,Houston,0.654
"Taylor, Blake*",830000,LHP,Houston,0.654
"Garcia, Luis",763200,RHP,Houston,0.654
"Pena, Jeremy",754900,SS,Houston,0.654
"McCormick, Chas",752500,OF,Houston,0.654
"Abreu, Bryan",745200,RHP,Houston,0.654
"Meyers, Jake",732000,OF,Houston,0.654
"Martinez, Seth",730200,RHP,Houston,0.654
"Brown, Hunter",725000,RHP,Houston,0.654
"Hensley, David",722600,SS,Houston,0.654
"Mushinski, Parker*",721800,LHP,Houston,0.654
"Blanco, Ronel",721200,RHP,Houston,0.654
"Diaz, Yainer",720300,C,Houston,0.654
"Julks, Corey",720000,OF,Houston,0.654
"Salazar, Cesar",720000,C,Houston,0.654
"Perez, Salvador",20000000,C,Kansas City,0.401
"Greinke, Zack",8500000,RHP,Kansas City,0.401
"Lyles, Jordan",8500000,RHP,Kansas City,0.401
"Dozier, Hunter",7500000,3B,Kansas City,0.401
"Keller, Brad",5775000,RHP,Kansas City,0.401
"Barlow, Scott",5300000,RHP,Kansas City,0.401
"Chapman, Aroldis",3750000,LHP,Kansas City,0.401
"Lopez, Nicky",3700000,2B,Kansas City,0.401
"Yarbrough, Ryan",3000000,LHP,Kansas City,0.401
"Singer, Brady",2950000,RHP,Kansas City,0.401
"Garrett, Amir",2650000,LHP,Kansas City,0.401
"Bubic, Kris",2200000,LHP,Kansas City,0.401
"Reyes, Franmil",2000000,DH,Kansas City,0.401
"Duffy, Matt",1500000,3B,Kansas City,0.401
"Clarke, Taylor",1150000,RHP,Kansas City,0.401
"Bradley, Jackie",900000,OF,Kansas City,0.401
"Brentz, Jake*",850000,LHP,Kansas City,0.401
"Witt Jr, Bobby",745750,SS,Kansas City,0.401
"Olivares, Edward",740750,OF,Kansas City,0.401
"Coleman, Dylan",731750,RHP,Kansas City,0.401
"Hernandez, Carlos",730250,RHP,Kansas City,0.401
"Lynch, Daniel*",730250,LHP,Kansas City,0.401
"Isbel, Kyle",727500,OF,Kansas City,0.401
"Melendez, MJ",726500,C,Kansas City,0.401
"Cuas, Jose",726000,RHP,Kansas City,0.401
"Pasquantino, Vinnie",725500,1B,Kansas City,0.401
"Massey, Michael",722850,2B,Kansas City,0.401
"Waters, Drew*",722400,OF,Kansas City,0.401
"Eaton, Nathan",722200,OF,Kansas City,0.401
"Zerpa, Angel*",721400,LHP,Kansas City,0.401
"Hernandez, Diego*",720000,OF,Kansas City,0.401
"Rendon, Anthony",38571429,3B,L.A. Angels,0.451
"Trout, Mike",37116667,OF,L.A. Angels,0.451
"Ohtani, Shohei",30000000,DH,L.A. Angels,0.451
"Anderson, Tyler",13000000,LHP,L.A. Angels,0.451
"Renfroe, Hunter",11900000,OF,L.A. Angels,0.451
"Drury, Brandon",8500000,3B,L.A. Angels,0.451
"Urshela, Gio",8400000,3B,L.A. Angels,0.451
"Moore, Matthew",7550000,LHP,L.A. Angels,0.451
"Loup, Aaron",7500000,LHP,L.A. Angels,0.451
"Stassi, Max*",7000000,C,L.A. Angels,0.451
"Tepera, Ryan",7000000,RHP,L.A. Angels,0.451
"Estevez, Carlos",6750000,RHP,L.A. Angels,0.451
"Fletcher, David",6000000,3B,L.A. Angels,0.451
"Sandoval, Patrick",2750000,LHP,L.A. Angels,0.451
"Ward, Taylor",2750000,OF,L.A. Angels,0.451
"Walsh, Jared*",2650000,1B,L.A. Angels,0.451
"Rengifo, Luis",2300000,2B,L.A. Angels,0.451
"Lamb, Jake",1250000,OF,L.A. Angels,0.451
"Phillips, Brett",1200000,OF,L.A. Angels,0.451
"Barria, Jaime",1050000,RHP,L.A. Angels,0.451
"Canning, Griffin*",850000,RHP,L.A. Angels,0.451
"Herget, Jimmy",750000,RHP,L.A. Angels,0.451
"Quijada, Jose",750000,LHP,L.A. Angels,0.451
"Suarez, Jose",750000,LHP,L.A. Angels,0.451
"Davidson, Tucker",740000,LHP,L.A. Angels,0.451
"Detmers, Reid",740000,LHP,L.A. Angels,0.451
"Rodriguez, Christopher*",740000,RHP,L.A. Angels,0.451
"Thaiss, Matt",740000,3B,L.A. Angels,0.451
"Wantz, Andrew",740000,RHP,L.A. Angels,0.451
"Daniel, Davis*",730000,RHP,L.A. Angels,0.451
"Marte, Jose*",730000,RHP,L.A. Angels,0.451
"O'Hoppe, Logan",730000,C,L.A. Angels,0.451
"Freeman, Freddie",25290674,1B,L.A. Dodgers,0.685
"Heyward, Jason",22000000,OF,L.A. Dodgers,0.685
"Betts, Mookie",21158692,OF,L.A. Dodgers,0.685
"Kershaw, Clayton",20000000,LHP,L.A. Dodgers,0.685
"Taylor, Chris",15000000,OF,L.A. Dodgers,0.685
"Urias, Julio",14250000,LHP,L.A. Dodgers,0.685
"Muncy, Max",13500000,3B,L.A. Dodgers,0.685
"Syndergaard, Noah",13000000,RHP,L.A. Dodgers,0.685
"Martinez, JD",10000000,DH,L.A. Dodgers,0.685
"Buehler, Walker*",8025000,RHP,L.A. Dodgers,0.685
"Treinen, Blake*",8000000,RHP,L.A. Dodgers,0.685
"Hudson, Daniel*",6500000,RHP,L.A. Dodgers,0.685
"Peralta, David",6500000,OF,L.A. Dodgers,0.685
"Smith, Will",5250000,C,L.A. Dodgers,0.685
"Rojas, Miguel",4250000,SS,L.A. Dodgers,0.685
"Barnes, Austin",3500000,C,L.A. Dodgers,0.685
"Gonsolin, Anthony*",3250000,RHP,L.A. Dodgers,0.685
"May, Dustin",1675000,RHP,L.A. Dodgers,0.685
"Almonte, Yency",1500000,RHP,L.A. Dodgers,0.685
"Miller, Shelby",1500000,RHP,L.A. Dodgers,0.685
"Thompson, Trayce",1450000,OF,L.A. Dodgers,0.685
"Phillips, Evan",1300000,RHP,L.A. Dodgers,0.685
"Graterol, Brusdar",1225000,RHP,L.A. Dodgers,0.685
"Nelson, Jimmy*",1200000,RHP,L.A. Dodgers,0.685
"Ferguson, Caleb",1100000,LHP,L.A. Dodgers,0.685
"Reyes, Alex*",1100000,RHP,L.A. Dodgers,0.685
"Feyereisen, J.P.*",750000,RHP,L.A. Dodgers,0.685
"Lux, Gavin*",750000,SS,L.A. Dodgers,0.685
"Vesia, Alex",750000,LHP,L.A. Dodgers,0.685
"Bickford, Phil",740000,RHP,L.A. Dodgers,0.685
"Grove, Michael",722500,RHP,L.A. Dodgers,0.685
"Jackson, Andre",722500,RHP,L.A. Dodgers,0.685
"Outman, James",722500,OF,L.A. Dodgers,0.685
"Pepiot, Ryan*",722500,RHP,L.A. Dodgers,0.685
"Vargas, Miguel",722500,3B,L.A. Dodgers,0.685
"Soler, Jorge",15000000,DH,Miami,0.426
"Garcia, Avisail",12000000,OF,Miami,0.426
"Barnes, Matt",7500000,RHP,Miami,0.426
"Segura, Jean",6500000,2B,Miami,0.426
"Alcantara, Sandy",6300000,RHP,Miami,0.426
"Arraez, Luis",6100000,1B,Miami,0.426
"Cueto, Johnny",6000000,RHP,Miami,0.426
"Wendle, Joey",6000000,2B,Miami,0.426
"Cooper, Garrett",4200000,1B,Miami,0.426
"Floro, Dylan",3900000,RHP,Miami,0.426
"Stallings, Jacob",3350000,C,Miami,0.426
"Scott, Tanner",2825000,LHP,Miami,0.426
"Luzardo, Jesus",2450000,LHP,Miami,0.426
"Berti, Jonathon",2100000,SS,Miami,0.426
"Gurriel, Yuri",1250000,1B,Miami,0.426
"Chargois, J.T.",850000,RHP,Miami,0.426
"Rogers, Trevor",752000,LHP,Miami,0.426
"Chisholm, Jazz",749500,OF,Miami,0.426
"Okert, Steven*",739000,LHP,Miami,0.426
"Bender, Anthony*",738500,RHP,Miami,0.426
"Sanchez, Jesus",738000,OF,Miami,0.426
"De La Cruz, Bryan",736000,OF,Miami,0.426
"Puk, A.J.",736000,LHP,Miami,0.426
"Garrett, Braxton",732000,LHP,Miami,0.426
"Cabrera, Edward",731000,RHP,Miami,0.426
"Fortes, Nick",730000,C,Miami,0.426
"Nance, Tommy*",729500,RHP,Miami,0.426
"Brazoban, Huascar",724000,RHP,Miami,0.426
"Nardi, Andrew",723000,LHP,Miami,0.426
"Meyer, Max*",721500,RHP,Miami,0.426
"Enright, Nic*",720000,RHP,Miami,0.426
"Yelich, Christian",24250727,OF,Milwaukee,0.531
"Woodruff, Brandon",10800000,RHP,Milwaukee,0.531
"Burnes, Corbin",10010000,RHP,Milwaukee,0.531
"Adames, Willy",8700000,SS,Milwaukee,0.531
"Winker, Jesse",8250000,OF,Milwaukee,0.531
"Lauer, Eric",5075000,LHP,Milwaukee,0.531
"Tellez, Rowdy",4950000,1B,Milwaukee,0.531
"Urias, Luis",4700000,2B,Milwaukee,0.531
"Peralta, Freddy",3734960,RHP,Milwaukee,0.531
"Houser, Adrian*",3600000,RHP,Milwaukee,0.531
"Miley, Wade",3500000,LHP,Milwaukee,0.531
"Anderson, Brian",3500000,3B,Milwaukee,0.531
"Williams, Devin",3350000,RHP,Milwaukee,0.531
"Caratini, Victor",2800000,C,Milwaukee,0.531
"Voit, Luke",2000000,1B,Milwaukee,0.531
"Bush, Matt",1850000,RHP,Milwaukee,0.531
"Brosseau, Michael",1400000,SS,Milwaukee,0.531
"Ashby, Aaron*",1200000,LHP,Milwaukee,0.531
"Milner, Hoby",1025000,LHP,Milwaukee,0.531
"Wilson, Justin*",850000,LHP,Milwaukee,0.531
"Contreras, William",739000,C,Milwaukee,0.531
"Taylor, Tyrone*",735400,OF,Milwaukee,0.531
"Wilson, Bryse",732600,RHP,Milwaukee,0.531
"Alexander, Jason*",732500,RHP,Milwaukee,0.531
"Miller, Owen",731100,1B,Milwaukee,0.531
"Payamps, Joel",730500,RHP,Milwaukee,0.531
"Strzelecki, Peter",726400,RHP,Milwaukee,0.531
"Guerra, Javier",724500,RHP,Milwaukee,0.531
"Mitchell, Garrett",724300,OF,Milwaukee,0.531
"Turang, Brice",720000,SS,Milwaukee,0.531
"Varland, Gus",720000,RHP,Milwaukee,0.531
"Correa, Carlos",33333333,SS,Minnesota,0.481
"Buxton, Byron",15142857,OF,Minnesota,0.481
"Gray, Sonny",13100000,RHP,Minnesota,0.481
"Gallo, Joey",11000000,OF,Minnesota,0.481
"Vazquez, Christian",10000000,C,Minnesota,0.481
"Kepler, Max",8500000,OF,Minnesota,0.481
"Mahle, Tyler",7500000,RHP,Minnesota,0.481
"Polanco, Jorge*",7500000,2B,Minnesota,0.481
"Farmer, Kyle",5585000,3B,Minnesota,0.481
"Lopez, Pablo",5450000,RHP,Minnesota,0.481
"Taylor, Michael",4500000,OF,Minnesota,0.481
"Lopez, Jorge",3525000,RHP,Minnesota,0.481
"Pagan, Emilio",3500000,RHP,Minnesota,0.481
"Maeda, Kenta",3000000,RHP,Minnesota,0.481
"Paddack, Chris*",2500000,RHP,Minnesota,0.481
"Thielbar, Caleb",2400000,LHP,Minnesota,0.481
"Solano, Donovan",2000000,1B,Minnesota,0.481
"Castro, Willi",1800000,OF,Minnesota,0.481
"Alcala, Jorge",790000,RHP,Minnesota,0.481
"Jeffers, Ryan",741650,C,Minnesota,0.481
"Kirilloff, Alex*",735650,1B,Minnesota,0.481
"Gordon, Nick",735400,2B,Minnesota,0.481
"Larnach, Trevor",733650,OF,Minnesota,0.481
"Jax, Griffin",733150,RHP,Minnesota,0.481
"Celestino, Gilberto*",731450,OF,Minnesota,0.481
"Ryan, Joe",730250,RHP,Minnesota,0.481
"Miranda, Jose",727850,3B,Minnesota,0.481
"Lewis, Royce*",727100,SS,Minnesota,0.481
"Moran, Jovani",726200,LHP,Minnesota,0.481
"Winder, Josh*",725650,RHP,Minnesota,0.481
"Sands, Cole",723650,RHP,Minnesota,0.481
"Henriquez, Ronny*",720900,RHP,Minnesota,0.481
"Duran, Jhoan",720000,RHP,Minnesota,0.481
"Scherzer, Max",43333333,RHP,N.Y. Mets,0.623
"Verlander, Justin",43333333,RHP,N.Y. Mets,0.623
"Lindor, Francisco",32477277,SS,N.Y. Mets,0.623
"Marte, Starling",20750000,OF,N.Y. Mets,0.623
"Nimmo, Brandon",18500000,RHP,N.Y. Mets,0.623
"Diaz, Edwin*",18444242,RHP,N.Y. Mets,0.623
"Senga, Kodai",15666667,RHP,N.Y. Mets,0.623
"Alonso, Pete",14500000,1B,N.Y. Mets,0.623
"Carrasco, Carlos",14000000,RHP,N.Y. Mets,0.623
"Quintana, Jose*",13000000,LHP,N.Y. Mets,0.623
"Canha, Mark",11500000,OF,N.Y. Mets,0.623
"Robertson, David",10000000,RHP,N.Y. Mets,0.623
"Escobar, Eduardo",9500000,3B,N.Y. Mets,0.623
"Narvaez, Omar",8000000,C,N.Y. Mets,0.623
"Ottavino, Adam",6647002,RHP,N.Y. Mets,0.623
"McNeil, Jeff",6250000,OF,N.Y. Mets,0.623
"Pham, Tommy",6000000,OF,N.Y. Mets,0.623
"Raley, Brooks",4500000,LHP,N.Y. Mets,0.623
"Hunter, Tommy",1750000,RHP,N.Y. Mets,0.623
"Guillorme, Luis",1600000,SS,N.Y. Mets,0.623
"Hernandez, Elieser*",1600000,RHP,N.Y. Mets,0.623
"Nido, Tomas",1600000,C,N.Y. Mets,0.623
"Vogelbach, Daniel",1500000,1B,N.Y. Mets,0.623
"Locastro, Tim",1400000,C,N.Y. Mets,0.623
"Smith, Drew",1300000,RHP,N.Y. Mets,0.623
"Santana, Dennis",1000000,RHP,N.Y. Mets,0.623
"Coonrod, Samuel*",775000,RHP,N.Y. Mets,0.623
"Curtiss, John",775000,RHP,N.Y. Mets,0.623
"Peterson, David",750000,LHP,N.Y. Mets,0.623
"Ridings, Stephen*",732500,RHP,N.Y. Mets,0.623
"Nogosek, Steve",730000,RHP,N.Y. Mets,0.623
"Montes de Oca, Bryce*",722500,RHP,N.Y. Mets,0.623
"Judge, Aaron",40000000,OF,N.Y. Yankees,0.611
"Cole, Gerrit",36000000,RHP,N.Y. Yankees,0.611
"Stanton, Giancarlo",32000000,DH,N.Y. Yankees,0.611
"Rodon, Carlos*",22833333,LHP,N.Y. Yankees,0.611
"Donaldson, Josh",21000000,3B,N.Y. Yankees,0.611
"Rizzo, Anthony",17000000,1B,N.Y. Yankees,0.611
"LeMahieu, DJ",15000000,2B,N.Y. Yankees,0.611
"Severino, Luis*",15000000,RHP,N.Y. Yankees,0.611
"Hicks, Aaron",10785714,OF,N.Y. Yankees,0.611
"Torres, Gleyber",9950000,2B,N.Y. Yankees,0.611
"Montas, Frankie*",7500000,RHP,N.Y. Yankees,0.611
"Kiner-Falefa, Isiah",6000000,SS,N.Y. Yankees,0.611
"Kahnle, Tommy*",5750000,RHP,N.Y. Yankees,0.611
"Bader, Harrison*",5200000,OF,N.Y. Yankees,0.611
"Trivino, Lou*",4100000,RHP,N.Y. Yankees,0.611
"Peralta, Wandy",3350000,LHP,N.Y. Yankees,0.611
"Holmes, Clay",3300000,RHP,N.Y. Yankees,0.611
"Cortes, Nestor",3200000,LHP,N.Y. Yankees,0.611
"German, Domingo",2600000,RHP,N.Y. Yankees,0.611
"Trevino, Jose",2360000,C,N.Y. Yankees,0.611
"Loaisiga, Jonathan",2262500,RHP,N.Y. Yankees,0.611
"Higashioka, Kyle",1462500,C,N.Y. Yankees,0.611
"King, Michael",1300000,RHP,N.Y. Yankees,0.611
"Cordero, Franchy",1000000,1B,N.Y. Yankees,0.611
"Effross, Scott*",742750,RHP,N.Y. Yankees,0.611
"Cabrera, Oswaldo",742100,OF,N.Y. Yankees,0.611
"Schmidt, Clarke",740475,RHP,N.Y. Yankees,0.611
"Marinaccio, Ron",739900,RHP,N.Y. Yankees,0.611
"Abreu, Albert",738700,RHP,N.Y. Yankees,0.611
"Rortvedt, Ben*",730000,C,N.Y. Yankees,0.611
"Florial, Estevan",728500,OF,N.Y. Yankees,0.611
"Gil, Luis*",723400,RHP,N.Y. Yankees,0.611
"Brito, Jhony",720000,RHP,N.Y. Yankees,0.611
"Cordero, Jimmy",720000,RHP,N.Y. Yankees,0.611
"Volpe, Anthony",720000,SS,N.Y. Yankees,0.611
"May, Trevor",7000000,RHP,Oakland,0.37
"Diaz, Aledmys",6500000,SS,Oakland,0.37
"Peterson, Jace",4500000,3B,Oakland,0.37
"Pina, Manny*",4500000,C,Oakland,0.37
"Kemp, Anthony",3725000,2B,Oakland,0.37
"Laureano, Ramon",3550000,OF,Oakland,0.37
"Fujinami, Shintaro",3250000,RHP,Oakland,0.37
"Aguilar, Jesus",3000000,1B,Oakland,0.37
"Rucinski, Drew*",3000000,RHP,Oakland,0.37
"Blackburn, Paul*",1900000,RHP,Oakland,0.37
"Familia, Jeurys",1500000,RHP,Oakland,0.37
"Perez, Carlos",740000,C,Oakland,0.37
"Brown, Seth",730000,OF,Oakland,0.37
"Kaprielian, James",730000,RHP,Oakland,0.37
"Acevedo, Domingo",725000,RHP,Oakland,0.37
"Jackson, Zach",725000,RHP,Oakland,0.37
"Jimenez, Dany",725000,RHP,Oakland,0.37
"Moll, Sam",725000,LHP,Oakland,0.37
"Rooker, Brent",725000,OF,Oakland,0.37
"Snead, Kirby*",725000,LHP,Oakland,0.37
"Allen, Nick",720000,SS,Oakland,0.37
"Capel, Conner",720000,OF,Oakland,0.37
"Langeliers, Shea",720000,C,Oakland,0.37
"Martinez, Adrian",720000,RHP,Oakland,0.37
"Muller, Kyle",720000,LHP,Oakland,0.37
"Noda, Ryan",720000,1B,Oakland,0.37
"Oller, Adam",720000,RHP,Oakland,0.37
"Ruiz, Esteury",720000,OF,Oakland,0.37
"Sears, J.P.",720000,LHP,Oakland,0.37
"Tarnok, Freddy*",720000,RHP,Oakland,0.37
"Waldichuk, Ken",720000,LHP,Oakland,0.37
"Harper, Bryce*",27538462,OF,Philadelphia,0.537
"Turner, Trea",27272727,SS,Philadelphia,0.537
"Wheeler, Zack",24500000,RHP,Philadelphia,0.537
"Realmuto, JT",23875000,C,Philadelphia,0.537
"Castellanos, Nick",20000000,OF,Philadelphia,0.537
"Schwarber, Kyle",20000000,DH,Philadelphia,0.537
"Walker, Taijuan",18000000,RHP,Philadelphia,0.537
"Nola, Aaron",16250000,RHP,Philadelphia,0.537
"Hoskins, Rhys*",12000000,1B,Philadelphia,0.537
"Kimbrel, Craig",10000000,RHP,Philadelphia,0.537
"Strahm, Matt",7500000,LHP,Philadelphia,0.537
"Soto, Gregory",3925000,LHP,Philadelphia,0.537
"Alvarado, Jose",3450000,LHP,Philadelphia,0.537
"Suarez, Ranger*",2950000,LHP,Philadelphia,0.537
"Dominguez, Seranthony",2500000,RHP,Philadelphia,0.537
"Harrison, Josh",2000000,2B,Philadelphia,0.537
"Cave, Jake",950000,OF,Philadelphia,0.537
"Sosa, Edmundo",950000,SS,Philadelphia,0.537
"Bellatti, Andrew",859000,RHP,Philadelphia,0.537
"Bohm, Alec",748000,3B,Philadelphia,0.537
"Nelson, Nick*",745000,RHP,Philadelphia,0.537
"Stubbs, Garrett",741000,C,Philadelphia,0.537
"Brogdon, Connor",738750,RHP,Philadelphia,0.537
"Marsh, Brandon",734500,OF,Philadelphia,0.537
"Stott, Bryson",734500,SS,Philadelphia,0.537
"Falter, Bailey",733000,LHP,Philadelphia,0.537
"Marte, Yunior",725500,RHP,Philadelphia,0.537
"Sanchez, Cristopher*",725000,LHP,Philadelphia,0.537
"Hall, Darick",724500,1B,Philadelphia,0.537
"Marchan, Rafael*",723500,C,Philadelphia,0.537
"Vasquez, Andrew",723500,LHP,Philadelphia,0.537
"Guthrie, Dalton",722500,OF,Philadelphia,0.537
"Song, Noah*",720000,RHP,Philadelphia,0.537
"Hayes, Ke'Bryan",10000000,3B,Pittsburgh,0.383
"Hill, Rich",8000000,LHP,Pittsburgh,0.383
"Reynolds, Bryan",6750000,OF,Pittsburgh,0.383
"Santana, Carlos",6725000,1B,Pittsburgh,0.383
"Hedges, Austin",5000000,C,Pittsburgh,0.383
"McCutchen, Andrew",5000000,OF,Pittsburgh,0.383
"Choi, Ji-Man",4650000,1B,Pittsburgh,0.383
"Velasquez, Vincent",3150000,RHP,Pittsburgh,0.383
"Garcia, Jarlin*",2500000,LHP,Pittsburgh,0.383
"Keller, Mitch",2437500,RHP,Pittsburgh,0.383
"Brubaker, Jonathan*",2275000,RHP,Pittsburgh,0.383
"Stephenson, Robert*",1750000,RHP,Pittsburgh,0.383
"Underwood Jr., Duane",1025000,RHP,Pittsburgh,0.383
"De Jong, Chase",820000,RHP,Pittsburgh,0.383
"Zastryzny, Rob",750000,LHP,Pittsburgh,0.383
"Bednar, David",745000,RHP,Pittsburgh,0.383
"Crowe, Wil",745000,RHP,Pittsburgh,0.383
"Joe, Connor",735000,OF,Pittsburgh,0.383
"Oviedo, Johan",735000,RHP,Pittsburgh,0.383
"Bae, Ji-hwan",725000,2B,Pittsburgh,0.383
"Castro, Rodolfo",725000,2B,Pittsburgh,0.383
"Contreras, Roansy",725000,RHP,Pittsburgh,0.383
"Holderman, Colin",725000,RHP,Pittsburgh,0.383
"Kranick, Max*",725000,RHP,Pittsburgh,0.383
"Moreta, Dauri",725000,RHP,Pittsburgh,0.383
"Smith, Canaan",725000,OF,Pittsburgh,0.383
"Suwinski, Jack",725000,OF,Pittsburgh,0.383
"Delay, Jason",720000,C,Pittsburgh,0.383
"Cruz, Oneil",720000,SS,Pittsburgh,0.383
"Hernandez, Jose",720000,LHP,Pittsburgh,0.383
"Bogaerts, Xander",25454545,SS,San Diego,0.549
"Darvish, Yu",25000000,RHP,San Diego,0.549
"Soto, Juan",23000000,OF,San Diego,0.549
"Machado, Manny",21090909,3B,San Diego,0.549
"Musgrove, Joe*",20000000,RHP,San Diego,0.549
"Snell, Blake",16600000,LHP,San Diego,0.549
"Hader, Josh",14100000,LHP,San Diego,0.549
"Martinez, Nick",10000000,RHP,San Diego,0.549
"Pomeranz, Drew*",10000000,LHP,San Diego,0.549
"Suarez, Robert*",10000000,RHP,San Diego,0.549
"Lugo, Seth",7500000,RHP,San Diego,0.549
"Wacha, Michael",7500000,RHP,San Diego,0.549
"Tatis, Fernando**",7000000,OF,San Diego,0.549
"Kim, Ha-Seong",7000000,2B,San Diego,0.549
"Carpenter, Matt",6500000,DH,San Diego,0.549
"Cronenworth, Jake",4225000,1B,San Diego,0.549
"Garcia, Luis (Amado)",3750000,LHP,San Diego,0.549
"Grisham, Trent",3175000,OF,San Diego,0.549
"Nola, Austin",2350000,C,San Diego,0.549
"Hill, Tim",1850000,LHP,San Diego,0.549
"Dahl, David",1250000,OF,San Diego,0.549
"Cruz, Nelson",1000000,DH,San Diego,0.549
"Engel, Adam*",1000000,OF,San Diego,0.549
"Morejon, Adrian*",800000,LHP,San Diego,0.549
"Odor, Rougned",800000,2B,San Diego,0.549
"Crismatt, Nabil",750000,RHP,San Diego,0.549
"Tapia, Domingo",735000,RHP,San Diego,0.549
"Castillo, Jose*",730000,LHP,San Diego,0.549
"Weathers, Ryan",727600,LHP,San Diego,0.549
"Wilson, Steven",726400,RHP,San Diego,0.549
"Honeywell Jr, Brent",725000,RHP,San Diego,0.549
"Azocar, Jose",723700,OF,San Diego,0.549
"Campusano, Luis",722700,C,San Diego,0.549
"Rosario, Eguy*",720400,SS,San Diego,0.549
"Pederson, Joc",19650000,OF,San Francisco,0.5
"Conforto, Michael",18000000,OF,San Francisco,0.5
"Crawford, Brandon",16000000,SS,San Francisco,0.5
"Manaea, Sean",12500000,LHP,San Francisco,0.5
"Stripling, Ross",12500000,RHP,San Francisco,0.5
"Wood, Alex",12500000,LHP,San Francisco,0.5
"DeSclafani, Anthony",12000000,RHP,San Francisco,0.5
"Cobb, Alex",9000000,RHP,San Francisco,0.5
"Rogers, Taylor",9000000,LHP,San Francisco,0.5
"Haniger, Mitch*",8000000,OF,San Francisco,0.5
"Flores, Wilmer",6500000,2B,San Francisco,0.5
"Yastrzemski, Mike",6100000,OF,San Francisco,0.5
"Webb, Logan",4600000,RHP,San Francisco,0.5
"Davis, J.D.",4210000,3B,San Francisco,0.5
"Slater, Austin*",3200000,OF,San Francisco,0.5
"Jackson, Luke*",3000000,RHP,San Francisco,0.5
"Junis, Jakob",2800000,RHP,San Francisco,0.5
"Perez, Roberto",2500000,C,San Francisco,0.5
"Brebbia, John",2300000,RHP,San Francisco,0.5
"Estrada, Thairo",2250000,2B,San Francisco,0.5
"Rogers, Tyler",1675000,RHP,San Francisco,0.5
"Wade, LaMonte",1375000,1B,San Francisco,0.5
"Beaty, Matt",1250000,OF,San Francisco,0.5
"Alexander, Scott",1150000,LHP,San Francisco,0.5
"Bart, Joey",735000,C,San Francisco,0.5
"Doval, Camilo",735000,RHP,San Francisco,0.5
"Gonzalez, Luis*",735000,OF,San Francisco,0.5
"Szapucki, Thomas*",723750,LHP,San Francisco,0.5
"Villar, David",723750,3B,San Francisco,0.5
"Sabol, Blake",720000,C,San Francisco,0.5
"Wisely, Brett",720000,2B,San Francisco,0.5
"Ray, Robbie",21000000,LHP,Seattle,0.556
"Hernandez, Teoscar",14000000,OF,Seattle,0.556
"La Stella, Tommy",11500000,2B,Seattle,0.556
"Castillo, Luis",11400000,RHP,Seattle,0.556
"Crawford, J.P.",11000000,SS,Seattle,0.556
"Suarez, Eugenio",11000000,3B,Seattle,0.556
"Wong, Kolten",10000000,2B,Seattle,0.556
"Flexen, Christopher",8000000,RHP,Seattle,0.556
"Pollock, A.J.",7000000,OF,Seattle,0.556
"Gonzales, Marco",6700000,LHP,Seattle,0.556
"Rodriguez, Julio",6185714,OF,Seattle,0.556
"France, Ty",4100000,DH,Seattle,0.556
"Sewald, Paul",4100000,RHP,Seattle,0.556
"Castillo, Diego",2950000,RHP,Seattle,0.556
"Moore, Dylan*",2083333,2B,Seattle,0.556
"Munoz, Andres",1687500,RHP,Seattle,0.556
"Murphy, Tom",1625000,C,Seattle,0.556
"Gott, Trevor",1200000,RHP,Seattle,0.556
"Gilbert, Logan",767300,RHP,Seattle,0.556
"Kirby, George",758300,RHP,Seattle,0.556
"Raleigh, Cal",758300,C,Seattle,0.556
"Kelenic, Jarred",729400,OF,Seattle,0.556
"Murfee, Penn",727000,RHP,Seattle,0.556
"Trammell, Taylor*",726700,OF,Seattle,0.556
"Haggerty, Sam",726600,OF,Seattle,0.556
"Brash, Matthew",725800,RHP,Seattle,0.556
"Festa, Matt",725200,RHP,Seattle,0.556
"Hummel, Cooper",723800,OF,Seattle,0.556
"Arenado, Nolan",32822071,3B,St. Louis,0.574
"Goldschmidt, Paul",25333333,1B,St. Louis,0.574
"Mikolas, Miles",21666667,RHP,St. Louis,0.574
"Wainwright, Adam*",14521720,RHP,St. Louis,0.574
"Matz, Steven",10500000,LHP,St. Louis,0.574
"Contreras, Willson",10000000,C,St. Louis,0.574
"Montgomery, Jordan",10000000,LHP,St. Louis,0.574
"DeJong, Paul*",9166667,SS,St. Louis,0.574
"Flaherty, Jack",5400000,RHP,St. Louis,0.574
"O'Neill, Tyler",4950000,OF,St. Louis,0.574
"Gallegos, Giovanny",4750000,RHP,St. Louis,0.574
"Edman, Tommy",4200000,SS,St. Louis,0.574
"VerHagen, Drew",3000000,RHP,St. Louis,0.574
"Stratton, Chris",2800000,RHP,St. Louis,0.574
"Helsley, Ryan",2150000,RHP,St. Louis,0.574
"Hicks, Jordan",1837500,RHP,St. Louis,0.574
"Knizner, Andrew",1100000,C,St. Louis,0.574
"Motter, Taylor",775000,3B,St. Louis,0.574
"Carlson, Dylan",742400,OF,St. Louis,0.574
"Woodford, Jake",739800,RHP,St. Louis,0.574
"Nootbaar, Lars",732400,OF,St. Louis,0.574
"Naughton, Packy",728750,LHP,St. Louis,0.574
"Donovan, Brendan",728600,3B,St. Louis,0.574
"Pallante, Andre",728600,RHP,St. Louis,0.574
"Gorman, Nolan",726950,2B,St. Louis,0.574
"Thompson, Zack",725000,LHP,St. Louis,0.574
"Burleson, Alec",721450,OF,St. Louis,0.574
"Rodriguez, Wilking*",720400,RHP,St. Louis,0.574
"Walker, Jordan",720000,3B,St. Louis,0.574
"Eflin, Zach",11000000,RHP,Tampa Bay,0.531
"Margot, Manuel",7000000,OF,Tampa Bay,0.531
"Diaz, Yandy",6000000,3B,Tampa Bay,0.531
"Glasnow, Tyler*",5350000,RHP,Tampa Bay,0.531
"Lowe, Brandon",5250000,2B,Tampa Bay,0.531
"Arozarena, Randy",4150000,OF,Tampa Bay,0.531
"Springs, Jeffrey",4000000,LHP,Tampa Bay,0.531
"Fairbanks, Peter",3666666,RHP,Tampa Bay,0.531
"Franco, Wander",2454545,SS,Tampa Bay,0.531
"Ramirez, Harold",2200000,OF,Tampa Bay,0.531
"Mejia, Francisco",2155000,C,Tampa Bay,0.531
"Kittredge, Andrew*",2075000,RHP,Tampa Bay,0.531
"Adam, Jason",1775000,RHP,Tampa Bay,0.531
"Beeks, Jalen",1375000,LHP,Tampa Bay,0.531
"Bethancourt, Christian",1350000,1B,Tampa Bay,0.531
"Armstrong, Shawn*",1200000,RHP,Tampa Bay,0.531
"Poche, Colin",1175000,LHP,Tampa Bay,0.531
"Thompson, Ryan",1000000,RHP,Tampa Bay,0.531
"Rasmussen, Drew",739700,RHP,Tampa Bay,0.531
"McClanahan, Shane",737000,LHP,Tampa Bay,0.531
"Paredes, Isaac",735000,2B,Tampa Bay,0.531
"Siri, Jose",731600,OF,Tampa Bay,0.531
"Walls, Taylor",727600,SS,Tampa Bay,0.531
"Fleming, Josh",727000,LHP,Tampa Bay,0.531
"Cleavinger, Garrett",725100,LHP,Tampa Bay,0.531
"Baz, Shane*",723600,RHP,Tampa Bay,0.531
"Lowe, Josh",723200,OF,Tampa Bay,0.531
"Raley, Luke",722300,OF,Tampa Bay,0.531
"Faucher, Calvin",721500,RHP,Tampa Bay,0.531
"Kelly, Kevin",720000,RHP,Tampa Bay,0.531
"Seager, Corey",35500000,SS,Texas,0.42
"deGrom, Jacob",30000000,RHP,Texas,0.42
"Semien, Marcus",26000000,2B,Texas,0.42
"Perez, Martin",19650000,LHP,Texas,0.42
"Eovaldi, Nathan",17000000,RHP,Texas,0.42
"Gray, Jon",15000000,RHP,Texas,0.42
"Odorizzi, Jake*",12500000,RHP,Texas,0.42
"Heaney, Andrew",12000000,LHP,Texas,0.42
"Leclerc, Jose",6000000,RHP,Texas,0.42
"Lowe, Nate",4050000,1B,Texas,0.42
"Miller, Brad",4000000,1B,Texas,0.42
"Garver, Mitch",3900000,C,Texas,0.42
"Kennedy, Ian",2250000,RHP,Texas,0.42
"Grossman, Robbie",2000000,OF,Texas,0.42
"Smith, Will",1500000,LHP,Texas,0.42
"Hearn, Taylor",1462500,LHP,Texas,0.42
"Martin, Brett*",1275000,LHP,Texas,0.42
"Jankowski, Travis",1250000,OF,Texas,0.42
"Hernandez, Jonathan",995000,RHP,Texas,0.42
"Garcia, Adolis",747760,OF,Texas,0.42
"Heim, Jonah",745660,C,Texas,0.42
"Burke, Brock",742840,LHP,Texas,0.42
"Dunning, Dane",742840,RHP,Texas,0.42
"Otto, Glenn*",736340,RHP,Texas,0.42
"Howard, Spencer*",733455,RHP,Texas,0.42
"Sborz, Josh*",733450,RHP,Texas,0.42
"Taveras, Leody*",733445,OF,Texas,0.42
"Smith, Josh",727095,SS,Texas,0.42
"Thompson, Bubba",724305,OF,Texas,0.42
"Duran, Ezequiel",724170,2B,Texas,0.42
"Ragans, Cole",724145,LHP,Texas,0.42
"Jung, Josh",721485,3B,Texas,0.42
"Springer, George",24166667,OF,Toronto,0.568
"Gausman, Kevin",21000000,RHP,Toronto,0.568
"Ryu, Hyun-Jin*",20000000,LHP,Toronto,0.568
"Bassitt, Chris",19000000,RHP,Toronto,0.568
"Berrios, Jose",16000000,RHP,Toronto,0.568
"Guerrero, Vladimir",14500000,1B,Toronto,0.568
"Chapman, Matt",12500000,3B,Toronto,0.568
"Kikuchi, Yusei",10000000,LHP,Toronto,0.568
"Belt, Brandon",9300000,DH,Toronto,0.568
"Kiermaier, Kevin",9000000,OF,Toronto,0.568
"Merrifield, Whit",6750000,2B,Toronto,0.568
"Garcia, Yimi",5500000,RHP,Toronto,0.568
"Romano, Jordan",4537500,RHP,Toronto,0.568
"Bichette, Bo",3933333,SS,Toronto,0.568
"Jansen, Danny",3500000,C,Toronto,0.568
"Cimber, Adam",3150000,RHP,Toronto,0.568
"Varsho, Daulton",3050000,OF,Toronto,0.568
"Bass, Anthony",3000000,RHP,Toronto,0.568
"Biggio, Cavan",2800000,2B,Toronto,0.568
"Green, Chad*",2250000,RHP,Toronto,0.568
"Espinal, Santiago",2100000,2B,Toronto,0.568
"Mayza, Tim",2100000,LHP,Toronto,0.568
"Richards, Trevor",1500000,RHP,Toronto,0.568
"Swanson, Erik",1250000,RHP,Toronto,0.568
"Kirk, Alejandro",767300,C,Toronto,0.568
"Manoah, Alek",745650,RHP,Toronto,0.568
"White, Mitchell*",743000,RHP,Toronto,0.568
"Pop, Zachary",742200,RHP,Toronto,0.568
"Lukes, Nathan",720000,OF,Toronto,0.568
"Strasburg, Stephen*",32500286,RHP,Washington,0.34
"Corbin, Patrick",24416667,LHP,Washington,0.34
"Williams, Trevor",6000000,RHP,Washington,0.34
"Candelario, Jeimer",5000000,3B,Washington,0.34
"Finnegan, Kyle",2325000,RHP,Washington,0.34
"Robles, Victor",2325000,OF,Washington,0.34
"Dickerson, Corey",2250000,OF,Washington,0.34
"Edwards, Carl",2250000,RHP,Washington,0.34
"Thomas, Lane",2200000,OF,Washington,0.34
"Kuhl, Chad",2000000,RHP,Washington,0.34
"Smith, Dominic",2000000,1B,Washington,0.34
"Rainey, Tanner*",1500000,RHP,Washington,0.34
"Ruiz, Keibert",1375000,C,Washington,0.34
"Chavis, Michael",1000000,1B,Washington,0.34
"Ramirez, Erasmo",1000000,RHP,Washington,0.34
"Vargas, Ildemaro",975000,SS,Washington,0.34
"Arano, Victor*",925000,RHP,Washington,0.34
"Harvey, Hunter",870000,RHP,Washington,0.34
"Banda, Anthony",850000,LHP,Washington,0.34
"Garcia, Luis",738600,SS,Washington,0.34
"Kieboom, Carter*",733400,3B,Washington,0.34
"Gray, Josiah",730000,RHP,Washington,0.34
"Adams, Riley",728800,C,Washington,0.34
"Thompson, Mason",724400,RHP,Washington,0.34
"Abrams Jr., CJ",724200,SS,Washington,0.34
"Gore, MacKenzie",723300,LHP,Washington,0.34
"Meneses, Joey",723300,1B,Washington,0.34
"Call, Alex",721800,OF,Washington,0.34
"Cavalli, Cade*",720200,RHP,Washington,0.34
"Pineda, Israel*",720200,C,Washington,0.34
"Harris, Hobie",720000,RHP,Washington,0.34
"Ward, Thaddeus",720000,RHP,Washington,0.34
